<?xml version="1.0" encoding="UTF-8"?>
<persistence xmlns="https://jakarta.ee/xml/ns/persistence"
             xmlns:xsi="http://www.w3.org/2001/XMLSchema-instance"
             xsi:schemaLocation="https://jakarta.ee/xml/ns/persistence
             https://jakarta.ee/xml/ns/persistence/persistence_3_0.xsd"
             version="3.0">

    <!-- CONFIGURACIÓN CON H2 DATABASE (BASE DE DATOS EN MEMORIA - SIN INSTALAR MYSQL) -->
    <persistence-unit name="EncantoEA_PU" transaction-type="RESOURCE_LOCAL">
        <provider>org.hibernate.jpa.HibernatePersistenceProvider</provider>
        
        <!-- Clases de entidad -->
        <class>modelo.Producto</class>
        <class>modelo.Categoria</class>
        
        <properties>
            <!-- Configuración de H2 Database (en memoria) -->
            <property name="jakarta.persistence.jdbc.driver" value="org.h2.Driver"/>
            <property name="jakarta.persistence.jdbc.url" value="jdbc:h2:mem:encantoea;DB_CLOSE_DELAY=-1"/>
            <property name="jakarta.persistence.jdbc.user" value="sa"/>
            <property name="jakarta.persistence.jdbc.password" value=""/>
            
            <!-- Configuración de Hibernate -->
            <property name="hibernate.dialect" value="org.hibernate.dialect.H2Dialect"/>
            <property name="hibernate.hbm2ddl.auto" value="create-drop"/>
            <property name="hibernate.show_sql" value="true"/>
            <property name="hibernate.format_sql" value="true"/>
            
            <!-- Script para cargar datos iniciales -->
            <property name="jakarta.persistence.sql-load-script-source" value="data.sql"/>
        </properties>
    </persistence-unit>
</persistence>
